[
  {
    "id": "316a49fb-598d-414b-b70f-9c52d4a1d312",
    "data": [
      {
        "text": "あ",
        "alias": "any",
        "meta": "@sys.any",
        "userDefined": true
      },
      {
        "text": " ",
        "userDefined": false
      },
      {
        "text": "巨人",
        "alias": "teams",
        "meta": "@teams",
        "userDefined": false
      },
      {
        "text": " ",
        "userDefined": false
      },
      {
        "text": "あ",
        "alias": "any",
        "meta": "@sys.any",
        "userDefined": true
      }
    ],
    "isTemplate": false,
    "count": 0
  },
  {
    "id": "ace2420c-9162-4301-bfec-164011fb5540",
    "data": [
      {
        "text": "巨人",
        "alias": "teams",
        "meta": "@teams",
        "userDefined": false
      },
      {
        "text": " ",
        "userDefined": false
      },
      {
        "text": "あ",
        "alias": "any",
        "meta": "@sys.any",
        "userDefined": true
      }
    ],
    "isTemplate": false,
    "count": 0
  },
  {
    "id": "f26884bf-0ccb-41d7-8a6f-6f6e852a89dc",
    "data": [
      {
        "text": "あ",
        "alias": "any",
        "meta": "@sys.any",
        "userDefined": true
      },
      {
        "text": " ",
        "userDefined": false
      },
      {
        "text": "巨人",
        "alias": "teams",
        "meta": "@teams",
        "userDefined": false
      }
    ],
    "isTemplate": false,
    "count": 0
  },
  {
    "id": "8aef8389-bf06-4a4e-adca-f8e904d386c2",
    "data": [
      {
        "text": "巨人",
        "alias": "teams",
        "meta": "@teams",
        "userDefined": false
      }
    ],
    "isTemplate": false,
    "count": 0
  }
]