[
  {
    "id": "db0a4ffb-0b9c-40d2-8d27-fe80301f7cfa",
    "data": [
      {
        "text": "any",
        "alias": "any",
        "meta": "@sys.any",
        "userDefined": true
      },
      {
        "text": " です",
        "userDefined": false
      }
    ],
    "isTemplate": false,
    "count": 0
  },
  {
    "id": "8fd0f679-6110-4593-a09d-156c7a6b4db6",
    "data": [
      {
        "text": "any",
        "alias": "any",
        "meta": "@sys.any",
        "userDefined": true
      }
    ],
    "isTemplate": false,
    "count": 0
  }
]