[
  {
    "id": "81a3bc4f-eeda-49ac-8498-c19e90b29573",
    "data": [
      {
        "text": "any",
        "alias": "any",
        "meta": "@sys.any",
        "userDefined": true
      },
      {
        "text": " です",
        "userDefined": false
      }
    ],
    "isTemplate": false,
    "count": 0
  },
  {
    "id": "47668f4d-3dad-4484-ab33-248f23b45fd0",
    "data": [
      {
        "text": "any",
        "alias": "any",
        "meta": "@sys.any",
        "userDefined": true
      }
    ],
    "isTemplate": false,
    "count": 0
  }
]