[
  {
    "id": "904c2f29-748d-40c5-b2f9-fe8e3aa05958",
    "data": [
      {
        "text": "any",
        "alias": "any",
        "meta": "@sys.any",
        "userDefined": true
      },
      {
        "text": " 登録 ",
        "userDefined": false
      },
      {
        "text": "any",
        "alias": "any",
        "meta": "@sys.any",
        "userDefined": true
      }
    ],
    "isTemplate": false,
    "count": 0
  },
  {
    "id": "4f311350-f6cf-4b83-ba38-da7c2a8631af",
    "data": [
      {
        "text": "登録 ",
        "userDefined": false
      },
      {
        "text": "any",
        "alias": "any",
        "meta": "@sys.any",
        "userDefined": true
      }
    ],
    "isTemplate": false,
    "count": 0
  },
  {
    "id": "e03a32aa-de1e-4339-91cf-a20db3f6ca1f",
    "data": [
      {
        "text": "any",
        "alias": "any",
        "meta": "@sys.any",
        "userDefined": true
      },
      {
        "text": " 登録",
        "userDefined": false
      }
    ],
    "isTemplate": false,
    "count": 0
  },
  {
    "id": "e66b0ee4-e8d4-469a-bfb2-386e98146273",
    "data": [
      {
        "text": "登録",
        "userDefined": false
      }
    ],
    "isTemplate": false,
    "count": 0
  }
]