[
  {
    "value": "オリックス",
    "synonyms": [
      "オリックス",
      "バッファローズ",
      "バファローズ"
    ]
  },
  {
    "value": "ソフトバンク",
    "synonyms": [
      "ソフトバンク",
      "ホークス"
    ]
  },
  {
    "value": "ヤクルト",
    "synonyms": [
      "スワローズ",
      "ヤクルト",
      "東京ヤクルトスワローズ"
    ]
  },
  {
    "value": "ロッテ",
    "synonyms": [
      "マリーンズ",
      "ロッテ",
      "千葉",
      "千葉ロッテ"
    ]
  },
  {
    "value": "中日",
    "synonyms": [
      "ドラゴンズ",
      "中日"
    ]
  },
  {
    "value": "巨人",
    "synonyms": [
      "ジャイアンツ",
      "巨人",
      "読売"
    ]
  },
  {
    "value": "広島",
    "synonyms": [
      "カープ",
      "広島",
      "広島東洋カープ"
    ]
  },
  {
    "value": "日本ハム",
    "synonyms": [
      "ファイターズ",
      "日ハム",
      "日本ハム"
    ]
  },
  {
    "value": "楽天",
    "synonyms": [
      "ゴールデンイーグルス",
      "楽天"
    ]
  },
  {
    "value": "横浜",
    "synonyms": [
      "dena",
      "dna",
      "ディー・エヌ・エー",
      "ベイスターズ",
      "横浜"
    ]
  },
  {
    "value": "西武",
    "synonyms": [
      "ライオンズ",
      "西武"
    ]
  },
  {
    "value": "阪神",
    "synonyms": [
      "タイガース",
      "阪神"
    ]
  }
]