[
  {
    "id": "b9bcdbf2-4ba4-4e14-b36e-179d92d1a209",
    "data": [
      {
        "text": "あ",
        "alias": "any",
        "meta": "@sys.any",
        "userDefined": true
      },
      {
        "text": " ",
        "userDefined": false
      },
      {
        "text": "巨人",
        "alias": "teams",
        "meta": "@teams",
        "userDefined": false
      },
      {
        "text": " ",
        "userDefined": false
      },
      {
        "text": "あ",
        "alias": "any",
        "meta": "@sys.any",
        "userDefined": true
      }
    ],
    "isTemplate": false,
    "count": 0
  },
  {
    "id": "eb4b9fae-8f74-40ff-b5cb-7c8f8ff4ebbb",
    "data": [
      {
        "text": "巨人",
        "alias": "teams",
        "meta": "@teams",
        "userDefined": false
      },
      {
        "text": " ",
        "userDefined": false
      },
      {
        "text": "あ",
        "alias": "any",
        "meta": "@sys.any",
        "userDefined": true
      }
    ],
    "isTemplate": false,
    "count": 0
  },
  {
    "id": "3e4c8c6a-16ab-4136-b00a-ab12d2056a0e",
    "data": [
      {
        "text": "あ",
        "alias": "any",
        "meta": "@sys.any",
        "userDefined": true
      },
      {
        "text": " ",
        "userDefined": false
      },
      {
        "text": "巨人",
        "alias": "teams",
        "meta": "@teams",
        "userDefined": false
      }
    ],
    "isTemplate": false,
    "count": 0
  },
  {
    "id": "d1959950-e3a5-41e2-b44f-1012f14a46f0",
    "data": [
      {
        "text": "巨人",
        "alias": "teams",
        "meta": "@teams",
        "userDefined": false
      }
    ],
    "isTemplate": false,
    "count": 0
  }
]