[
  {
    "id": "7c50a938-9470-477e-b65b-4ca4ce4e1179",
    "data": [
      {
        "text": "久しぶり",
        "userDefined": false
      }
    ],
    "isTemplate": false,
    "count": 0,
    "updated": 0
  },
  {
    "id": "c38ebd1b-e67b-4ea9-8b44-70a40ebf0753",
    "data": [
      {
        "text": "今日は",
        "userDefined": false
      }
    ],
    "isTemplate": false,
    "count": 0,
    "updated": 0
  },
  {
    "id": "c6f0ed8b-8639-456d-a567-df321e0d2a02",
    "data": [
      {
        "text": "こんにちは",
        "userDefined": false
      }
    ],
    "isTemplate": false,
    "count": 0,
    "updated": 0
  },
  {
    "id": "01818647-cf99-41bc-99bb-899b2fee25a6",
    "data": [
      {
        "text": "どうも",
        "userDefined": false
      }
    ],
    "isTemplate": false,
    "count": 0,
    "updated": 0
  },
  {
    "id": "c34a8c1f-f836-4500-a54a-435b6c7b505b",
    "data": [
      {
        "text": "やあ、君",
        "userDefined": false
      }
    ],
    "isTemplate": false,
    "count": 0,
    "updated": 0
  },
  {
    "id": "7b79c2de-7a33-4954-a7c2-b96d04d50c75",
    "data": [
      {
        "text": "やあ",
        "userDefined": false
      }
    ],
    "isTemplate": false,
    "count": 0,
    "updated": 0
  },
  {
    "id": "7e3ff3e3-09f9-4940-9a2f-2bb8e69a8f94",
    "data": [
      {
        "text": "ご挨拶します",
        "userDefined": false
      }
    ],
    "isTemplate": false,
    "count": 0,
    "updated": 0
  },
  {
    "id": "eb8ed554-f9d8-4420-b2a2-57d55ea1ac67",
    "data": [
      {
        "text": "はい、こんにちは",
        "userDefined": false
      }
    ],
    "isTemplate": false,
    "count": 0,
    "updated": 0
  },
  {
    "id": "22467aa2-c196-49f6-bfb3-ceb48579d866",
    "data": [
      {
        "text": "皆さん、こんにちは",
        "userDefined": false
      }
    ],
    "isTemplate": false,
    "count": 0,
    "updated": 0
  }
]